batch_size,shape,dtype,Allocated Mib:,Reserved MiB: ,Free MiB:     ,Total MiB:    ,status
1,"(1, 2048, 4096)",float16,32.0,32.0,11611.94,11876.12,ok
2,"(2, 2048, 4096)",float16,64.0,64.0,11579.94,11876.12,ok
4,"(4, 2048, 4096)",float16,128.0,128.0,11515.94,11876.12,ok
8,"(8, 2048, 4096)",float16,256.0,256.0,11387.94,11876.12,ok
16,"(16, 2048, 4096)",float16,512.0,512.0,11131.94,11876.12,ok
24,"(24, 2048, 4096)",float16,768.0,768.0,10875.94,11876.12,ok
32,"(32, 2048, 4096)",float16,1024.0,1024.0,10619.94,11876.12,ok
48,"(48, 2048, 4096)",float16,1536.0,1536.0,10107.94,11876.12,ok
64,"(64, 2048, 4096)",float16,2048.0,2048.0,9595.94,11876.12,ok
