batch_size,shape,dtype,allocated_mib,reserved_mib:,free_mib,total_mib,status
1,"(1, 2048, 4096)",float16,32.0,32.0,11007.0,12281.5,ok
2,"(2, 2048, 4096)",float16,64.0,64.0,10975.0,12281.5,ok
4,"(4, 2048, 4096)",float16,128.0,128.0,10911.0,12281.5,ok
8,"(8, 2048, 4096)",float16,256.0,256.0,10783.0,12281.5,ok
16,"(16, 2048, 4096)",float16,512.0,512.0,10527.0,12281.5,ok
24,"(24, 2048, 4096)",float16,768.0,768.0,10271.0,12281.5,ok
32,"(32, 2048, 4096)",float16,1024.0,1024.0,10015.0,12281.5,ok
48,"(48, 2048, 4096)",float16,1536.0,1536.0,9503.0,12281.5,ok
64,"(64, 2048, 4096)",float16,2048.0,2048.0,8991.0,12281.5,ok
